<?xml version="1.0"?>
<AUTOMOBILI>
    <AUTO>
        <MODEL>BMW e60</MODEL>
        <GODIŠTE>2007.</GODIŠTE>
        <KILOMETRI>21000km</KILOMETRI>
        <CIJENA>7000e</CIJENA>
    </AUTO>

    <AUTO>
        <MODEL>AUDI A4 B8</MODEL>
        <GODIŠTE>2011</GODIŠTE>
        <KILOMETRI>190000km</KILOMETRI>
        <CIJENA>9000e</CIJENA>
    </AUTO>

    <AUTO>
        <MODEL>VW GOLF 7</MODEL>
        <GODIŠTE>2014.</GODIŠTE>
        <KILOMETRI>175000km</KILOMETRI>
        <CIJENA>11000e</CIJENA>
    </AUTO>

    <AUTO>
        <MODEL>MERCEDES e-klasa W212</MODEL>
        <GODIŠTE>2012.</GODIŠTE>
        <KILOMETRI>190000km</KILOMETRI>
        <CIJENA>11000e</CIJENA>
    </AUTO>

    <AUTO>
        <MODEL>ŠKODA OCTAVIA</MODEL>
        <GODIŠTE>2016.</GODIŠTE>
        <KILOMETRI>160000km</KILOMETRI>
        <CIJENA>8000e</CIJENA>
    </AUTO>

</AUTOMOBILI>